{
  "project_info": {
    "project_number": "593558032173",
    "project_id": "cartas-d27ee",
    "storage_bucket": "cartas-d27ee.appspot.com"
  },
  "client": [
    {
      "client_info": {
        "mobilesdk_app_id": "1:593558032173:android:ed683f989ad2b1717b8da4",
        "android_client_info": {
          "package_name": "com.example.cartasfinalattempt"
        }
      },
      "oauth_client": [],
      "api_key": [
        {
          "current_key": "AIzaSyCvL4h_jtmnXyReqYkVZaJ2D1DcIZFd0TM"
        }
      ],
      "services": {
        "appinvite_service": {
          "other_platform_oauth_client": []
        }
      }
    }
  ],
  "configuration_version": "1"
}